{"avg train loss in this batch": 0.7075434327125549, "epoch": 19, "batch_id": 7, "_timestamp": 1687512748.522399, "_runtime": 209.68887090682983, "_step": 1779, "avg train loss in this epoch": 1.014105200767517, "avg test loss in this batch": 0.6065760850906372, "avg test loss in this epoch": 1.0897729396820068, "test accuracy in this epoch": 33.33333206176758, "_wandb": {"runtime": 208}}