{"avg loss in this batch": 0.956316351890564, "epoch": 1, "batch_id": 76, "_timestamp": 1686566566.486014, "_runtime": 5283.868773937225, "_step": 164, "avg loss in this epoch": 1.1499820947647095}