{"avg train loss in this batch": 0.9308987855911255, "epoch": 113, "batch_id": 11, "_timestamp": 1687515767.71161, "_runtime": 2546.8178720474243, "_step": 10068, "avg train loss in this epoch": 1.0041002035140991, "avg test loss in this batch": 0.652022123336792, "avg test loss in this epoch": 1.0381958484649658, "test accuracy in this epoch": 38.596492767333984, "_wandb": {"runtime": 2513}}