{"avg loss in this batch": 2.1815061700181104e-05, "epoch": 0, "batch_id": 3, "_timestamp": 1686561237.836548, "_runtime": 7718.49619102478, "_step": 434}