{"avg loss in this batch": 1.1603200435638428, "epoch": 0, "batch_id": 91, "_timestamp": 1686556406.7212732, "_runtime": 2887.380916118622, "_step": 140}