{"avg train loss in this batch": 0.9179792404174805, "epoch": 40, "batch_id": 2, "_timestamp": 1687518950.804708, "_runtime": 3144.314796924591, "_step": 3603, "avg train loss in this epoch": 1.0073412656784058, "train accuracy in this epoch": 53.36538314819336, "avg test loss in this batch": 0.6080299615859985, "avg test loss in this epoch": 0.9715671539306641, "test accuracy in this epoch": 42.105262756347656}