{"avg train loss in this batch": 1.1100969314575195, "epoch": 19, "batch_id": 7, "_timestamp": 1687512502.1920052, "_runtime": 438.4445712566376, "_step": 3559, "avg train loss in this epoch": 1.1151206493377686, "avg test loss in this batch": 1.1394286155700684, "avg test loss in this epoch": 1.104140281677246, "test accuracy in this epoch": 33.33333206176758, "_wandb": {"runtime": 464}}