{"avg train loss in this batch": 0.9457961320877075, "epoch": 17, "batch_id": 46, "_timestamp": 1687513192.498964, "_runtime": 185.29404401779175, "_step": 1559, "avg train loss in this epoch": 1.0308705568313599, "avg test loss in this batch": 0.6192345023155212, "avg test loss in this epoch": 1.1238515377044678, "test accuracy in this epoch": 33.33333206176758, "_wandb": {"runtime": 204}}